ratio,random_state,accuracy

0.1,0,0.6521739130434783
0.2,0,0.6956521739130435
0.3,0,0.9420289855072463
0.4,0,0.927536231884058
0.5,0,0.927536231884058